author,original_message,reply_emojis,encoded
e.rinh,imagine not having nitro lisa,:lisaCat:,0
bombard21,make everyone admin,:heheHarrison:,1
e.rinh,take photo of food,:catCry:,2
e.rinh,you are mean,:ken:,3
bombard21,No,:mad:,4
abuffaloherd,Whatâ€™s this place,:ken:,3
e.rinh,stay home all week,:lisaCat:,0
wobkobi,Whatâ€™s been happening,:skull~1:,5
csonic235,@pizza ğŸ’…ğŸ»,:catCry:,2
csonic235,what is wrong with you,:joever:,6
csonic235,what is wrong with you,:joever:,6
gentleman_nathan,ThÃ© robbing of the Monalisa,SHUT UP,7
wobkobi,wtf,https://cdn.discordapp.com/emojis/1070869015343411210.webp?size=128&quality=lossless,8
gentleman_nathan,Youâ€™re good,https://cdn.discordapp.com/emojis/1070869015343411210.webp?size=128&quality=lossless,8
wobkobi,@pizza ğŸ’…ğŸ» you made erin leave,:clown~1:,9
wobkobi,Where tho,https://cdn.discordapp.com/emojis/1069084325720637500.webp?size=128&quality=lossless,10
wobkobi,Iâ€™m confused,:catCry:,2
e.rinh,barbie life in the dream house ğŸ©·ğŸ©·ğŸ©·ğŸ©·ğŸ©·ğŸ©·ğŸ©·ğŸ©·ğŸ©·ğŸ©·ğŸ©·ğŸ©·,https://cdn.discordapp.com/emojis/1069084325720637500.webp?size=128&quality=lossless,10
csonic235,it was me,:lisaCat:,0
bureikuz,@pizza ğŸ’…ğŸ» please change @brioche ğŸ¦‘'s name to ham,:slayy:,11
csonic235,ğŸ”ªğŸ”ª,:pigShock:,12
e.rinh,let me shower first :catCry:,:hmm:,13
e.rinh,so i have no days off :lisaCat:,:lisaCat:,0
bureikuz,hoping to get better soon :YesYes:,https://cdn.discordapp.com/emojis/881182531536449587.gif?size=128&quality=lossless,14
e.rinh,thatâ€™s not an answer,https://cdn.discordapp.com/emojis/750768558975484065.webp?size=128&quality=lossless,15
buddymmmm1,Be a stripper?,:ohHello:,16
e.rinh,she likes the British YouTubers,https://cdn.discordapp.com/emojis/881182531536449587.gif?size=128&quality=lossless,14
wobkobi,fell,:mad:,4
bombard21,ah,:ohHello:,16
gentleman_nathan,@pizza ğŸ’…ğŸ» when fortnite,:skull~1:,5
e.rinh,cause marmite >,https://cdn.discordapp.com/emojis/881182531536449587.gif?size=128&quality=lossless,14
wobkobi,I didnâ€™t see the due next week part,:catcry:,17
bombard21,peeeee yew,:gun:,18
wobkobi,She needs to finish the battle pass tho,:lisaCat:,0
wobkobi,shud up u work,:mad:,4
wobkobi,i havent in 4,https://cdn.discordapp.com/emojis/750768558975484065.webp?size=128&quality=lossless,15
wobkobi,also why not watch barbie in imax lmao,https://cdn.discordapp.com/emojis/954378740958363748.webp?size=128&quality=lossless,19
wobkobi,NEXT MONDAY,https://cdn.discordapp.com/emojis/881182531536449587.gif?size=128&quality=lossless,14
wobkobi,why hate queens street,:pigShock:,12
bureikuz,Oh morphine,:catCry:,2
gentleman_nathan,Oh bruh thatâ€™s true,:catCry:,2
e.rinh,failed the first quiz,:lisaCat:,0
e.rinh,WHAT HAPPENED TO SAVING MONEY :ken:,:catcry:,17
e.rinh,$2.50 big difference,:catCry:,2
gentleman_nathan,You better come with it tmr,:lisaCat:,0
gentleman_nathan,UOIR LAPTOP WILL,:angy:,20
yungmarin,bro nathan speaking fax fr,:nathanielScary:,21
wobkobi,do you think tip top stopped making cookies and cream when they started making official oero ice cream stuff,:erinnnnnnnnnnnnnn:,22
yungmarin,i wasted one of my 50% off on getting a Mcflurry and coffee,:lisaCat:,0
e.rinh,okay drunk,:catcry:,17
e.rinh,YOU :mad: :mad: :mad: :mad:,https://cdn.discordapp.com/emojis/1069084325720637500.webp?size=128&quality=lossless,10
gentleman_nathan,Glad youâ€™re okay ğŸ«¡,:yay:,23
wobkobi,HUH,https://cdn.discordapp.com/emojis/841886073519996979.gif?size=128&quality=lossless,24
wobkobi,Whereâ€™s ur bereal,:catCry:,2
bombard21,damn we compensated for all the money we printed during covid,:lisaCat:,0
gentleman_nathan,I saw an Monalisa today,:nathanielScary:,21
e.rinh,10 mins still,:erinnnnnnnnnnnnnn:,22
bombard21,Caperinno,:catCry:,2
e.rinh,come to 315 when done https://cdn.discordapp.com/emojis/881182531536449587.gif?size=128&quality=lossless,:mad:,4
csonic235,ğŸ¤¡,:clown~1:,9
e.rinh,29th,:lisaCat:,0
wobkobi,Poor Chad,:lisaCat:,0
wobkobi,No itâ€™s work,:lisaCat:,0
e.rinh,:catcry:,:catcry:,17
buddymmmm1,NO FACE,https://cdn.discordapp.com/emojis/750768558975484065.webp?size=128&quality=lossless,15
e.rinh,is this barbie nail polish,https://cdn.discordapp.com/emojis/841886073519996979.gif?size=128&quality=lossless,24
bombard21,:yay:,:yay:,23
e.rinh,:catcry:,:catcry:,17
wobkobi,you didnt know?,:mad:,4
bombard21,Originally it's a gif,:erinnnnnnnnnnnnnn:,22
e.rinh,:erinnnnnnnnnnnnnn:,:erinnnnnnnnnnnnnn:,22
wobkobi,throw up,https://cdn.discordapp.com/emojis/841886073519996979.gif?size=128&quality=lossless,24
e.rinh,needles are fine if I donâ€™t see how big it is before ğŸ˜­,https://cdn.discordapp.com/emojis/1070869015343411210.webp?size=128&quality=lossless,8
e.rinh,baby*,:erinnnnnnnnnnnnnn:,22
e.rinh,:SCyawn2:,:erinnnnnnnnnnnnnn:,22
e.rinh,itâ€™s cold,:pigCold:,25
e.rinh,everyone feeding into u,:lisaCat:,0
gentleman_nathan,I do,:nathanielScary:,21
wobkobi,just how ur :barbieGal:,:harryBarbie:,26
e.rinh,bruh,:skull~1:,5
nekoshay,I haven't been on today ğŸ˜ğŸ’–,https://cdn.discordapp.com/emojis/881182531536449587.gif?size=128&quality=lossless,14
bombard21,we should all go walk down there and get shot,:erinnnnnnnnnnnnnn:,22
nekoshay,"Confront the guy, tell him hes dumb and to stop",https://cdn.discordapp.com/emojis/1069084325720637500.webp?size=128&quality=lossless,10
bombard21,# LISA JUST COME AND CATCH THE 70 WHERE U AVOID QUAY STREET,:catCry:,2
gentleman_nathan,My dad told me not to go,:erinnnnnnnnnnnnnn:,22
bombard21,I AM GOING HOME AFTER THIS,:pigWoozy:,27
nekoshay,I saw 1 not 2,:catCry:,2
oc2906,and your dead,:lisaCat:,0
e.rinh,imagine your coworker pulling a gun on you,:catCry:,2
bombard21,"""this isint a usual occurance""",:lisaCat:,0
gentleman_nathan,Ambuslance have treated 3 patients,:catCry:,2
gentleman_nathan,One of the construction workers actually saw the guy come upstairs with the gun,:gun:,18
nekoshay,Norways like tf man nothing like home smdh,:pigWoozy:,27
nekoshay,A POLICE?,:catCry:,2
nekoshay,"""so it shouldn't be that serious""",:angy:,20
nekoshay,@pizza ğŸ’…ğŸ» I swear to god if it was the guy we saw live,:catCry:,2
e.rinh,i hope that police officer didnâ€™t die,:catCry:,2
bombard21,gun shots,:gun:,18
nekoshay,Okay gunman confirmed ded,:gun:,18
e.rinh,and their families expecting them to come home,:pigWoozy:,27
nekoshay,Lisa might get shot by his ghost,:erinnnnnnnnnnnnnn:,22
nekoshay,Then he stepped down now its luxon,:lisaCat:,0
nekoshay,"Nz ""celebrities"" when they're just journalists n news reporters XD",:skull~1:,5
e.rinh,4:00 PM,:mad:,4
e.rinh,nah i have to be home today soz cause technician coming :catCry:,:pigWoozy:,27
e.rinh,i legit get there in time for my class,:catCry:,2
oc2906,just to theive from you,https://cdn.discordapp.com/emojis/1089829892616618025.webp?size=128&quality=lossless,28
wobkobi,Facebook,:erinnnnnnnnnnnnnn:,22
oc2906,mad cuz bad,https://cdn.discordapp.com/emojis/1070869015343411210.webp?size=128&quality=lossless,8
oc2906,i said women not nz,SHUT UP,7
buddymmmm1,Idc what gender they are as long as nz is winning,BASED,29
buddymmmm1,Do a fortnite bet,https://cdn.discordapp.com/emojis/1069084325720637500.webp?size=128&quality=lossless,10
e.rinh,they currently better than nz at rugby too,:erinnnnnnnnnnnnnn:,22
buddymmmm1,So cold,https://cdn.discordapp.com/emojis/841886073519996979.gif?size=128&quality=lossless,24
wobkobi,so normal day,https://cdn.discordapp.com/emojis/750768558975484065.webp?size=128&quality=lossless,15
bureikuz,yesterday works,https://cdn.discordapp.com/emojis/841886073519996979.gif?size=128&quality=lossless,24
wobkobi,drunk on coke,:lisaCat:,0
wobkobi,DO YOU WANT TO GO TO BARBIE ON MONDAY,:harryBarbie:,26
csonic235,ham adian and erin already got em soz,:adian:,30
wobkobi,bout to not be invited,https://cdn.discordapp.com/emojis/841886073519996979.gif?size=128&quality=lossless,24
wobkobi,:No:,https://cdn.discordapp.com/emojis/841886073519996979.gif?size=128&quality=lossless,24
bombard21,shes gone out clubbing,:lisaCat:,0
wobkobi,WOAH,:pigShock:,12
buddymmmm1,Wtf,:erinnnnnnnnnnnnnn:,22
oc2906,Lisa got me to play the game so she's my sole target,https://cdn.discordapp.com/emojis/1089829892616618025.webp?size=128&quality=lossless,28
gentleman_nathan,I actually selected data analysis on one of my grad applications,:lisaCat:,0
bureikuz,@pizza ğŸ’…ğŸ» give me a light blue role ğŸ™‚,https://cdn.discordapp.com/emojis/1089829892616618025.webp?size=128&quality=lossless,28
bombard21,Porky pizza,SHUT UP,7
csonic235,https://twitter.com/CSonic235/status/1682621793553764352,:harryBarbie:,26
bombard21,Are u getting crown victories,:mad:,4
wobkobi,THIS IS WHY I TOLD YOU NOT TO SPEAK,:pigShock:,12
gentleman_nathan,No,:lisaCat:,0
buddymmmm1,"ğŸ–ğŸ”«ğŸ‘®â€â™‚ï¸
ğŸ–ğŸ”«ğŸ‘®â€â™‚ï¸
ğŸ–ğŸ”«ğŸ‘®â€â™‚ï¸
ğŸ–ğŸ”«ğŸ‘®â€â™‚ï¸
ğŸ–ğŸ”«ğŸ‘®â€â™‚ï¸
ğŸ–ğŸ”«ğŸ‘®â€â™‚ï¸",:mad:,4
gentleman_nathan,Why are you pizza,:nathanielScary:,21
wobkobi,bruh,:catCry:,2
bureikuz,stay home instead,https://cdn.discordapp.com/emojis/841886073519996979.gif?size=128&quality=lossless,24
wobkobi,get back to work,:mad:,4
buddymmmm1,FOR REAL,BASED,29
wobkobi,no,:mad:,4
bombard21,"kinda weird, when your sister",SHUT UP,7
e.rinh,"kinda weird, when your dad",https://cdn.discordapp.com/emojis/881182531536449587.gif?size=128&quality=lossless,14
buddymmmm1,@pizza ğŸ’…ğŸ»,:ohHello:,16
buddymmmm1,I cold,:pigCold:,25
wobkobi,YES,:clown~1:,9
e.rinh,:ken:,:ken:,3
wobkobi,@pizza ğŸ’…ğŸ»,https://cdn.discordapp.com/emojis/881182531536449587.gif?size=128&quality=lossless,14
e.rinh,https://cdn.discordapp.com/emojis/841886073519996979.gif?size=128&quality=lossless,:catCry:,2
gentleman_nathan,@pizza ğŸ’…ğŸ» pink suit you better,:yay:,23
abuffaloherd,@pizza ğŸ’…ğŸ» where you,:ohHello:,16
gentleman_nathan,@pizza ğŸ’…ğŸ» reply to erin,:ohHello:,16
wobkobi,Nice,:catCry:,2
abuffaloherd,Nandos begeterian chinken,:ken:,3
wobkobi,Iâ€™ll post the burger again,https://cdn.discordapp.com/emojis/750768558975484065.webp?size=128&quality=lossless,15
wobkobi,Iâ€™ll post the burger again,:catCry:,2
bombard21,The top bun,SHUT UP,7
abuffaloherd,i have had kenough of john,SHUT UP,7
gentleman_nathan,No you,no you,31
wobkobi,Wear warmer clothes everyone,https://cdn.discordapp.com/emojis/841886073519996979.gif?size=128&quality=lossless,24
buddymmmm1,Final countdown,SHUT UP,7
bombard21,# HI BARBIE,:harryBarbie:,26
wobkobi,Late,https://cdn.discordapp.com/emojis/1070869015343411210.webp?size=128&quality=lossless,8
e.rinh,drama,:llama:,32
e.rinh,hi ken @zach ğŸ¤“,:harryBarbie:,26
wobkobi,Iâ€™m barbie,:harryBarbie:,26
buddymmmm1,@unipeople,:ken:,3
buddymmmm1,Who is ken,:ken:,3
buddymmmm1,Why is ham not ken,:ken:,3
bombard21,:WidePeepoClown1: :WideClownGun2: :WideClownGun3:,:gun:,18
csonic235,kill me,:gun:,18
buddymmmm1,Erin the Ken,:ken:,3
buddymmmm1,No u,no you,31
wobkobi,Why you summon her,https://cdn.discordapp.com/emojis/1069084325720637500.webp?size=128&quality=lossless,10
wobkobi,Permanent record,:clown~1:,9
e.rinh,lisa L,SHUT UP,7
buddymmmm1,kinda sad what happened,:joever:,6
buddymmmm1,and she seems to be drinking to cope,:lisaCat:,0
gentleman_nathan,Got siked,:nathanielScary:,21
gentleman_nathan,NO YOU,no you,31
oc2906,im just gonna go eat dinner,:ohHello:,16
oc2906,you mad i attazck you 200 times,no you,31
e.rinh,do u guys want to see wholesome barbie Tiktok,:harryBarbie:,26
wobkobi,https://tenor.com/view/barbie-ken-gif-26149444,:harryBarbie:,26
oc2906,nvm its down for update,:catcry:,17
wobkobi,Ew,:lisaCat:,0
wobkobi,"# 0th: me
# 1st: erin
# 2nd: adian
# 30th: lisa",:adian:,30
e.rinh,its so cold,:pigCold:,25
buddymmmm1,home,:pigWoozy:,27
wobkobi,was,https://cdn.discordapp.com/emojis/841886073519996979.gif?size=128&quality=lossless,24
e.rinh,say what,:lisaCat:,0
buddymmmm1,Omg they are still a thing?,https://cdn.discordapp.com/emojis/841886073519996979.gif?size=128&quality=lossless,24
wobkobi,cause its back,:catcry:,17
wobkobi,MY MUM NEEDED HELP THANK YOU VERY MUCH,https://cdn.discordapp.com/emojis/750768558975484065.webp?size=128&quality=lossless,15
e.rinh,this aint the last supper,SHUT UP,7
gentleman_nathan,you guys missed out,SHUT UP,7
wobkobi,Not today,:catcry:,17
abuffaloherd,at home,:pigWoozy:,27
e.rinh,5 weeks*,https://cdn.discordapp.com/emojis/1070869015343411210.webp?size=128&quality=lossless,8
wobkobi,your grade,:catcry:,17
e.rinh,how do u have that,:erinnnnnnnnnnnnnn:,22
bombard21,@pizza ğŸ’…ğŸ» is futurama coming to fortnut,https://cdn.discordapp.com/emojis/841886073519996979.gif?size=128&quality=lossless,24
e.rinh,send photo and make me sad,:joever:,6
abuffaloherd,slayyy ğŸ’…,https://cdn.discordapp.com/emojis/1089829892616618025.webp?size=128&quality=lossless,28
wobkobi,Eruope asia or America,https://cdn.discordapp.com/emojis/954378740958363748.webp?size=128&quality=lossless,19
buddymmmm1,slow?,https://cdn.discordapp.com/emojis/841886073519996979.gif?size=128&quality=lossless,24
bureikuz,@pizza ğŸ’…ğŸ» my money!!,https://cdn.discordapp.com/emojis/1089829892616618025.webp?size=128&quality=lossless,28
gentleman_nathan,7:45 plane Harrison?,:heheHarrison:,1
wobkobi,idk,:lisaCat:,0
wobkobi,Whale leap?,https://cdn.discordapp.com/emojis/841886073519996979.gif?size=128&quality=lossless,24
oc2906,**OI STOP BEING NOT NICE @pizza ğŸ’…ğŸ» **,:lisaCat:,0
oc2906,GET GAMING MONITOR USING SOME WIERD THING CALLED MONEY YOU GET FROM YOUR JOB,https://cdn.discordapp.com/emojis/750768558975484065.webp?size=128&quality=lossless,15
wobkobi,ok you know that weird dreamworks movie from the trailers at barbie,:harryBarbie:,26
csonic235,nope,:lisaCat:,0
bureikuz,https://tenor.com/view/fortnite-ruby-take-the-l-loser-loss-gif-19565684,:catcry:,17
e.rinh,the whole squads together,:yay:,23
csonic235,fraaaaaud,:gigaChad:,33
csonic235,then explain the joke,:gigaChad:,33
e.rinh,COLD,:pigCold:,25
csonic235,@pizza ğŸ’…ğŸ» lab soon,:lisaCat:,0
abuffaloherd,no wonder john can't do his work,SHUT UP,7
e.rinh,@pizza ğŸ’…ğŸ»,:lisaCat:,0
oc2906,# @pizza ğŸ’…ğŸ» FORTNITE,:pigWoozy:,27
buddymmmm1,Based,BASED,29
e.rinh,good good,:yay:,23
wobkobi,Nah,:mad:,4
wobkobi,I was saying nah to the BeReal.,https://cdn.discordapp.com/emojis/1070869015343411210.webp?size=128&quality=lossless,8
bureikuz,:Lisa: â¡ï¸ ğŸ˜­,:ken:,3
e.rinh,:Lisa: â¡ï¸ğŸ’”,:erinnnnnnnnnnnnnn:,22
gentleman_nathan,:Lisa: â¡ï¸:Buttercup_Happy:,:nathanielScary:,21
bombard21,@pizza ğŸ’…ğŸ» I am on ze couch,https://cdn.discordapp.com/emojis/1089829892616618025.webp?size=128&quality=lossless,28
e.rinh,he hasnâ€™t played for a while,:lisaCat:,0
wobkobi,All the meat is pork related,:ohNoFull:,34
e.rinh,i was too tired to watch :lisaCat:,:lisaCat:,0
wobkobi,Iâ€™m at barbie set,:harryBarbie:,26
wobkobi,Too busy,:ohNoFull:,34
wobkobi,Can someone answer,:lisaCat:,0
oc2906,@pizza ğŸ’…ğŸ» stole 3.5m...,:catcry:,17
bureikuz,neither :Lisa:,:lisaCat:,0
abuffaloherd,How the fuck did you get notified instantly,:erinnnnnnnnnnnnnn:,22
wobkobi,Yes,:ohHello:,16
wobkobi,Fuck no,https://cdn.discordapp.com/emojis/841886073519996979.gif?size=128&quality=lossless,24
e.rinh,@everyone ranga roundup my house 2am tmrw,:erinnnnnnnnnnnnnn:,22
e.rinh,bruh,:skull~1:,5
csonic235,ur a fraud,:no:,35
e.rinh,i walked past :ken:  today again,:ken:,3
wobkobi,Will you be up to pinch and punch me?,:mad:,4
buddymmmm1,did you fail?,:clown~1:,9
wobkobi,Going to have some now,https://cdn.discordapp.com/emojis/1069084325720637500.webp?size=128&quality=lossless,10
csonic235,what's new,:erinnnnnnnnnnnnnn:,22
bombard21,it has gone up in a blaze,:skull~1:,5
wobkobi,Not pork,https://cdn.discordapp.com/emojis/750768558975484065.webp?size=128&quality=lossless,15
gentleman_nathan,She's off the rails today,no you,31
wobkobi,Jackread,:lisaCat:,0
e.rinh,oh wait I need to go up one more floor,:clown~1:,9
buddymmmm1,Erin has gone insane,:erinnnnnnnnnnnnnn:,22
wobkobi,12 hours,https://cdn.discordapp.com/emojis/1089829892616618025.webp?size=128&quality=lossless,28
oc2906,@pizza ğŸ’…ğŸ» fortnite after dinner,:erinnnnnnnnnnnnnn:,22
oc2906,# YOUR NOT GOOD,no you,31
oc2906,# THATS RIGHT YOU ARE A MONKEY,no you,31
bombard21,Your a monkey,no you,31
bombard21,https://tenor.com/view/ultimate-skip-card-gif-22153138,no you,31
oc2906,ive been playing,:erinnnnnnnnnnnnnn:,22
oc2906,not cold enough to not wear shorts tho,:pigCold:,25
oc2906,NO YOU NO RETURNS,no you,31
bombard21,Go say that to sungwoo,no you,31
abuffaloherd,# I NATE HIGGERS,:skull~1:,5
abuffaloherd,@pizza ğŸ’…ğŸ» are you at uni,https://cdn.discordapp.com/emojis/841886073519996979.gif?size=128&quality=lossless,24
oc2906,no she died,no you,31
oc2906,I'm sorry I'm bored again,:clown~1:,9
gentleman_nathan,:clown~1:,:clown~1:,9
gentleman_nathan,:clown~1:,:clown~1:,9
buddymmmm1,Why yâ€™all so racist,:thomasSurprised:,36
gentleman_nathan,:clown~1:,:clown~1:,9
gentleman_nathan,:clown~1:,:clown~1:,9
gentleman_nathan,:erinnnnnnnnnnnnnn:,:erinnnnnnnnnnnnnn:,22
oc2906,I'm very lucky with my 2 50x chests in a row thank you very much,:mad:,4
oc2906,No u,no you,31
csonic235,you use facebook too?! jeez,:gigaChad:,33
oc2906,Facebook is best,https://cdn.discordapp.com/emojis/841886073519996979.gif?size=128&quality=lossless,24
oc2906,CANCEL YOUR LIFE MEMEBERSHIP,no you,31
gentleman_nathan,missionaries and cannibals?,:nathanielScary:,21
gentleman_nathan,you happily skipped over the context,:no:,35
csonic235,this is actually a v attractive picture of mr nathan,:nathanielScary:,21
gentleman_nathan,no you,no you,31
bureikuz,THIS IS WHY YOU NEED A DESK,:erinnnnnnnnnnnnnn:,22
nekoshay,Not me ğŸ’…,:lisaCat:,0
bombard21,iTS ONLY 4 LEGS AND A TRABLE TOP,:ken:,3
bombard21,forgive me so is the imac just a computer without a screen,:no:,35
gentleman_nathan,I don't have any classes today,:erinnnnnnnnnnnnnn:,22
e.rinh,she be there around 2:30,https://cdn.discordapp.com/emojis/841886073519996979.gif?size=128&quality=lossless,24
abuffaloherd,we should play space station 14,https://cdn.discordapp.com/emojis/954378740958363748.webp?size=128&quality=lossless,19
bombard21,@krayon ğŸ– posted last night,https://cdn.discordapp.com/emojis/881182531536449587.gif?size=128&quality=lossless,14
csonic235,I am at home :),:pigWoozy:,27
wobkobi,Back to lab,:catcry:,17
bombard21,@pizza ğŸ’…ğŸ» why u being racist,no you,31
oc2906,idk,:mad:,4
bombard21,skskskskskskskskksksksksksksksks,:skull~1:,5
bombard21,for apple car play?,https://cdn.discordapp.com/emojis/841886073519996979.gif?size=128&quality=lossless,24
bombard21,no,:skull~1:,5
bombard21,https://tenor.com/view/dun-dun-dun-gif-10011441,https://cdn.discordapp.com/emojis/771016190101291008.webp?size=128&quality=lossless,37
bombard21,https://tenor.com/view/what-do-you-want-jesus-south-park-s3e16-are-you-there-god-its-me-jesus-gif-21980033,https://cdn.discordapp.com/emojis/771016190101291008.webp?size=128&quality=lossless,37
bombard21,https://tenor.com/view/hi-hola-gif-23436763,https://cdn.discordapp.com/emojis/881182531536449587.gif?size=128&quality=lossless,14
bombard21,im being mean,:mad:,4
wobkobi,:RewardBox_Tier_01: :RewardBox_Tier_02: :RewardBox_Tier_03: :StickerPack_Gifting: :StickerPack_GuaranteedGoldSticke: :StickerPack_Orange_Level1_Icon: :StickerPack_Tier1_Level4_Icon: :StickerPack_Tier2_Level2_Icon: :StickerPack_Tier3_Level2_Icon:,:thomasSurprised:,36
gentleman_nathan,yessir,:thomasSurprised:,36
e.rinh,but they always have a comeback,https://cdn.discordapp.com/emojis/841886073519996979.gif?size=128&quality=lossless,24
wobkobi,Imma get American fish and chips,:shaking:,38
gentleman_nathan,not started,:clown~1:,9
csonic235,Lisa are you working tonight?,:clown~1:,9
gentleman_nathan,you're welcome,no you,31
wobkobi,I got dunken ice coffee,:ken:,3
wobkobi,Tomorrow,https://cdn.discordapp.com/emojis/881182531536449587.gif?size=128&quality=lossless,14
e.rinh,connected rooms are fun,https://cdn.discordapp.com/emojis/841886073519996979.gif?size=128&quality=lossless,24
csonic235,short people are warm bc they're closer to hell,:gigaChad:,33
wobkobi,:l_yellowbye:,https://cdn.discordapp.com/emojis/771016190101291008.webp?size=128&quality=lossless,37
gentleman_nathan,I have finished CISE Week 3,no you,31
bombard21,Thanks I am bad Mr Sherlock,:yay:,23
gentleman_nathan,okay pizza,:mad:,4
e.rinh,what time is it,:thinking:,39
bombard21,What u think Nathan gonna hack your car when u plug the cable into your car,:skull~1:,5
bureikuz,Isn't that your bedtime?,:erinnnnnnnnnnnnnn:,22
oc2906,Msg me on snap so I get a notification when your ready,https://cdn.discordapp.com/emojis/841886073519996979.gif?size=128&quality=lossless,24
bombard21,Lisa will be asleep u cam just replace her,:mad:,4
e.rinh,:no:,:catcry:,17
bombard21,lisa?,SHUT UP,7
bombard21,Lost my patience with monopoly go,:erinnnnnnnnnnnnnn:,22
wobkobi,@arin ğŸ¢ @pizza ğŸ’…ğŸ» have you happened to watch full house?,:no:,35
wobkobi,Cool. Not checking,:mad:,4
wobkobi,I need a vacation,https://cdn.discordapp.com/emojis/1070869015343411210.webp?size=128&quality=lossless,8
wobkobi,Jack in the box has good seasoning,:evilJack:,40
bombard21,fortnite battle pass,https://cdn.discordapp.com/emojis/1069084325720637500.webp?size=128&quality=lossless,10
bureikuz,i got removed from uni cause of my shit attendance rate,https://cdn.discordapp.com/emojis/1070869015343411210.webp?size=128&quality=lossless,8
e.rinh,bad influence,https://cdn.discordapp.com/emojis/1069084325720637500.webp?size=128&quality=lossless,10
e.rinh,come to see me :yay:,:yay:,23
e.rinh,Iâ€™m legit there the whole day,:catcry:,17
bombard21,Nope,:catcry:,17
gentleman_nathan,Be there in 7,:gun:,18
bombard21,U reckon she might get pulled under the treadmill,SHUT UP,7
oc2906,no fortnite tonight,:skull~1:,5
wobkobi,No,:catcry:,17
wobkobi,Well do you have like $7000+,:gigaChad:,33
csonic235,hello how much?,:ohHello:,16
csonic235,how bout she get some BITCHES,:erinnnnnnnnnnnnnn:,22
e.rinh,his fault not mine ğŸ˜­,https://cdn.discordapp.com/emojis/841886073519996979.gif?size=128&quality=lossless,24
e.rinh,https://tenor.com/view/goodnight-cat-gif-26169985,:yay:,23
wobkobi,Come touch grass,:TouchGrass:,41
wobkobi,But she canâ€™t drive,:angy:,20
wobkobi,Picture of license rn,:lisaCat:,0
bombard21,u better pass it first try,:erinnnnnnnnnnnnnn:,22
bureikuz,have you?,https://cdn.discordapp.com/emojis/841886073519996979.gif?size=128&quality=lossless,24
wobkobi,ğŸ¤«,:harryBarbie:,26
wobkobi,No,:catcry:,17
wobkobi,Thought so,:erinnnnnnnnnnnnnn:,22
bombard21,@pizza ğŸ’…ğŸ» ^ that u,:erinnnnnnnnnnnnnn:,22
e.rinh,sure,https://cdn.discordapp.com/emojis/881182531536449587.gif?size=128&quality=lossless,14
e.rinh,poor adian,:adian:,30
wobkobi,Rich,:sad:,42
oc2906,st kents better school,:ken:,3
oc2906,st kents ain't much better with bad media attention,:ken:,3
bureikuz,@pizza ğŸ’…ğŸ» what time u guys going home,:pigWoozy:,27
wobkobi,Omg great game,:lisaCat:,0
abuffaloherd,Need to reupload my favourite stickers from the uncool server,:erinnnnnnnnnnnnnn:,22
bombard21,just get blake and nathan on,:nathanielScary:,21
bombard21,"# AGAIN, NO",:mad:,4
oc2906,and still be on your phone smh,:mad:,4
bombard21,@pizza ğŸ’…ğŸ»,:erinnnnnnnnnnnnnn:,22
bureikuz,@pizza ğŸ’…ğŸ» u at uni?,https://cdn.discordapp.com/emojis/841886073519996979.gif?size=128&quality=lossless,24
bombard21,@pizza ğŸ’…ğŸ» ğŸ¤¢ğŸ¤®,SHUT UP,7
bureikuz,The sooner you can become a billionare,:erinnnnnnnnnnnnnn:,22
e.rinh,we play tonight,:pigWoozy:,27
e.rinh,:erinnnnnnnnnnnnnn:,:erinnnnnnnnnnnnnn:,22
oc2906,see erin gets it,:no:,35
bureikuz,@pizza ğŸ’…ğŸ» u still at uni,https://cdn.discordapp.com/emojis/841886073519996979.gif?size=128&quality=lossless,24
gentleman_nathan,@pizza ğŸ’…ğŸ» u still at Uni?,:no:,35
bombard21,And their is the famous Lisa one liner,:evilJack:,40
wobkobi,Guess no prime,:erinnnnnnnnnnnnnn:,22
oc2906,bring a brick of cocaine ğŸ™,:erinnnnnnnnnnnnnn:,22
bombard21,"Yea, thought so",:mad:,4
e.rinh,smh i was in the shower,:mad:,4
e.rinh,:ken:,:lachlan:,43
csonic235,lisa why are you so mean to me?,:erinnnnnnnnnnnnnn:,22
e.rinh,ğŸ’€,:angy:,20
bombard21,On the work computers,:lachlan:,43
e.rinh,I was up at 7:30,:lisaCat:,0
bombard21,Bank rupt,:tired:,44
wobkobi,You are the majority of no u in all the variations,no you,31
gentleman_nathan,you're drama,https://cdn.discordapp.com/emojis/1089829892616618025.webp?size=128&quality=lossless,28
e.rinh,i hate plane food :lisaCat:,https://cdn.discordapp.com/emojis/841886073519996979.gif?size=128&quality=lossless,24
e.rinh,@bozo  is anyone going to vesbar quiz thing tomorrow evening?,:no:,35
abuffaloherd,i want to sleep in and do rnd in the safety and comfort of my home,:pigWoozy:,27
e.rinh,Iâ€™ll bring my yearbook,:ohHello:,16
wobkobi,Monday I could be,:erinnnnnnnnnnnnnn:,22
e.rinh,Lisa u better come tomorrow,:erinnnnnnnnnnnnnn:,22
yungmarin,Iâ€™m not in my yr 12 yearbook cause I had dyed hair :gx_bruh:,:erinnnnnnnnnnnnnn:,22
e.rinh,https://tenor.com/view/tom-and-jerry-tom-sleep-sleepy-eyes-gif-15060034,https://cdn.discordapp.com/emojis/841886073519996979.gif?size=128&quality=lossless,24
buddymmmm1,Ima blow you up,no you,31
bombard21,dont u say the fucking line lisa,no you,31
bombard21,@pizza ğŸ’…ğŸ» has given up on the child,:ohHello:,16
wobkobi,saw those,https://cdn.discordapp.com/emojis/1069084325720637500.webp?size=128&quality=lossless,10
bureikuz,home,:pigWoozy:,27
wobkobi,If I knew context,:lisaCat:,0
e.rinh,what time do cars finish tomo,:thinking:,39
gentleman_nathan,I can see ms Lisa in the bidding list lmao,:mad:,4
bombard21,took a break on the massage chair,:skull~1:,5
bombard21,"# @pizza ğŸ’…ğŸ» NO PAIN NO GAIN 
# NO PAIN NO GAIN
# NO PAIN NO GAIN
# NO PAIN NO GAIN
# NO PAIN NO GAIN
# NO PAIN NO GAIN
# NO PAIN NO GAIN",https://cdn.discordapp.com/emojis/841886073519996979.gif?size=128&quality=lossless,24
e.rinh,https://tenor.com/view/homer-cinnamon-bed-cozy-gif-24051578,https://cdn.discordapp.com/emojis/841886073519996979.gif?size=128&quality=lossless,24
abuffaloherd,rude,:adian:,30
bureikuz,didnt know u were the lorax,:erinnnnnnnnnnnnnn:,22
e.rinh,IT WAS JACK,:evilJack:,40
abuffaloherd,yeah,:mad:,4
bureikuz,don't worry ill figure out ğŸ˜ˆ,:erinnnnnnnnnnnnnn:,22
bombard21,@pizza ğŸ’…ğŸ» academic weapon check,:lisaCat:,0
bombard21,He's sleeping,:joever:,6
bombard21,Caus eu made him wake up at 5,:erinnnnnnnnnnnnnn:,22
e.rinh,you know last night idk what was wrong with me but i was not tired and i was fully like i could go for a run rn,:heheHarrison:,1
bombard21,this sisint any vegetarian options left,:mad:,4
e.rinh,we should go to slyvia park,https://cdn.discordapp.com/emojis/954378740958363748.webp?size=128&quality=lossless,19
oc2906,No u rich one,no you,31
e.rinh,we were just two lovers,:yay:,23
wobkobi,Home time,:pigWoozy:,27
wobkobi,Dairy shut,:angy:,20
abuffaloherd,i won't break my promise,:skull~1:,5
bureikuz,@pizza ğŸ’…ğŸ» u in bed?,https://cdn.discordapp.com/emojis/841886073519996979.gif?size=128&quality=lossless,24
e.rinh,lisa up so late recently,:erinnnnnnnnnnnnnn:,22
e.rinh,we should go to the beach in summer,https://cdn.discordapp.com/emojis/954378740958363748.webp?size=128&quality=lossless,19
wobkobi,is that whats it call,https://cdn.discordapp.com/emojis/841886073519996979.gif?size=128&quality=lossless,24
e.rinh,ITS NOT EVen 90 MILES,https://cdn.discordapp.com/emojis/841886073519996979.gif?size=128&quality=lossless,24
wobkobi,@pizza ğŸ’…ğŸ» can I have your home pod,:pigWoozy:,27
bombard21,@pizza ğŸ’…ğŸ» can i have ur new car,:pigWoozy:,27
e.rinh,discord drama,DRAMA,45
oc2906,i have a few fb links but my pc and laptop won't sync so I'll to do it when I go home,:pigWoozy:,27
abuffaloherd,@arin ğŸ¢ @chedder ğŸ§€ @pizza ğŸ’…ğŸ» https://www.youtube.com/watch?v=fYJdr7mp9SE,:adian:,30
e.rinh,we need adians cat one here,https://cdn.discordapp.com/emojis/841886073519996979.gif?size=128&quality=lossless,24
csonic235,ğŸ˜´,:gigaChad:,33
gentleman_nathan,Youâ€™re yeah,no you,31
gentleman_nathan,Youâ€™re no you,no you,31
bombard21,Drama,DRAMA,45
csonic235,john,:angy:,20
csonic235,https://twitter.com/Oliviaamacc/status/1691762724026581338 @pizza ğŸ’…ğŸ»,:erinnnnnnnnnnnnnn:,22
e.rinh,:erinnnnnnnnnnnnnn:,:erinnnnnnnnnnnnnn:,22
gentleman_nathan,and make me answer a quwstion i dont know,:lisaCat:,0
wobkobi,Froglisa,:angy:,20
bureikuz,:clownCat:,:clown~1:,9
e.rinh,@rs bloodz ğŸ¤¡  omg adian that is so sla_,:adian:,30
wobkobi,you're not smart enough for the server,:erinnnnnnnnnnnnnn:,22
gentleman_nathan,No,https://cdn.discordapp.com/emojis/1070869015343411210.webp?size=128&quality=lossless,8
oc2906,do i bring my g305 or model d unwireless tomorrow,:erinnnnnnnnnnnnnn:,22
oc2906,actually retarded you,no you,31
bureikuz,erin if u get vencord u can get a plugin that will let u use nitro emojis,:ohHello:,16
bureikuz,pay with your soul,:erinnnnnnnnnnnnnn:,22
wobkobi,it only triggers if you spell right,DRAMA,45
buddymmmm1,TA explained a ton of the info for the lab,:erinnnnnnnnnnnnnn:,22
gentleman_nathan,damn,https://cdn.discordapp.com/emojis/841886073519996979.gif?size=128&quality=lossless,24
bombard21,drama,DRAMA,45
wobkobi,@pizza ğŸ’…ğŸ» higher,:yay:,23
wobkobi,I expect 10000 by tomorrow,:erinnnnnnnnnnnnnn:,22
buddymmmm1,Who r u voting for,:lisaCat:,0
e.rinh,i am first time voter,:joever:,6
e.rinh,i couldnt vote,:catcry:,17
e.rinh,DRAMA,DRAMA,45
wobkobi,Some are quite funny,:ohHello:,16
wobkobi,Good thing the cat won,:queenLuma:,46
wobkobi,ğŸ˜,https://cdn.discordapp.com/emojis/881182531536449587.gif?size=128&quality=lossless,14
oc2906,lying just like when you say you get on,:mad:,4
oc2906,you died,no you,31
buddymmmm1,Then come back again,:thinking:,39
gentleman_nathan,No you,no you,31
bureikuz,im too stressed out and need a gaming break,:catcry:,17
bombard21,Why was time at home when u could just rember it in class,:erinnnnnnnnnnnnnn:,22
abuffaloherd,I have headaches,:ohNoFull:,34
bureikuz,Lisa I will buy you pizza if you don't say slay for 1 week,:thinking:,39
gentleman_nathan,no more slay for you monalisa,:nathanielScary:,21
bureikuz,@pizza ğŸ’…ğŸ» when will u stop studying,https://cdn.discordapp.com/emojis/771016190101291008.webp?size=128&quality=lossless,37
bureikuz,ITS FARTING TIME,:no:,35
bureikuz,@pizza ğŸ’…ğŸ» can u wait like 10 mins,https://cdn.discordapp.com/emojis/841886073519996979.gif?size=128&quality=lossless,24
abuffaloherd,the fact that it was used 29k times legitimately,:yay:,23
e.rinh,:mad:,:atayrun:,47
abuffaloherd,the joke bein stanford,:skull~1:,5
oc2906,@fartnite anyone?,:ken:,3
wobkobi,@arin ğŸ¢ lab 4,:ohHello:,16
gentleman_nathan,Thanks,:erinnnnnnnnnnnnnn:,22
gentleman_nathan,"$100 million, to build a time machine, go through $100 million door again",:erinnnnnnnnnnnnnn:,22
gentleman_nathan,no you,no you,31
e.rinh,no u :yay:,:yay:,23
wobkobi,no u no u no u no u no u no u no u no u no u no u no u no u no u no u no u no u no u no u no u no u no u no u no u no u no u no u no u no u no u no u no u no u no u no u no u no u no u no u no u no u no u no u no u no u no u no u no u no u no u no u no u no u no u no u no u no u no u no u no u no u no u no u no u no u no u no u no u no u no u no u no u no u no u no u no u no u no u no u no u no u no u no u no u no u no u no u no u no u no u no u no u no u no u no u no u no u no u no u no u no u no u no u no u no u no u no u no u no u no u no u no u no u no u no u no u no u no u no u no u no u no u no u no u no u no u no u no u no u no u no u no u no u no u no u no u no u no u no u no u no u no u no u no u no u no u no u no u no u no u no u no u no u no u no u no u no u no u no u no u no u no u no u no u no u no u no u no u no u no u no u no u no u no u no u no u no u no u no u no u no u no u no u no u no u no u no u no u no u no u no u no u no u no u no u no u no u no u no u no u no u no u no u no u no u no u no u no u no u no u no u no u no u no u no u,no you,31
wobkobi,no u no u no u no u no u no u no u no u no u no u no u no u no u no u no u no u no u no u no u no u no u no u no u no u no u no u no u no u no u no u no u no u no u no u no u no u no u no u no u no u no u no u no u no u no u no u no u no u no u no u no u no u no u no u no u no u no u no u no u no u no u no u no u no u no u no u no u no u no u no u no u no u no u no u no u no u no u no u no u no u no u no u no u no u no u no u no u no u no u no u no u no u no u no u no u no u no u no u no u no u no u no u no u no u no u no u no u no u no u no u no u no u no u no u no u no u no u no u no u no u no u no u no u no u no u no u no u no u no u no u no u no u no u no u no u no u no u no u no u no u no u no u no u no u no u no u no u no u no u no u no u no u no u no u no u no u no u no u no u no u no u no u no u no u no u no u no u no u no u no u no u no u no u no u no u no u no u no u no u no u no u no u no u no u no u no u no u no u no u no u no u no u no u no u no u no u no u no u no u no u no u no u no u no u no u no u no u no u no u no u no u no u no u no u no u no u no u no u no u no u no u no u no u no u no u no u no u no u no u no u no u no u no u no u no u no u no u no u no u no u no u no u no u no u no u no u no u no u no u no u no u no u no u no u no u no u no u no u no u no u no u no u no u no u no u no u no u no u no u no u no u no u no u no u no u no u no u no u no u no u no u no u no u no u no u no u no u no u no u no u no u no u no u no u no u no u no u no u no u no u no u no u no u no u no u no u no u no u no u no u no u no u no u no u no u no u no u no u no u no u no u no u no u no u no u no u no u no u no u no u no u no u no u no u no u no u no u no u no u no u no u no u no u no u no u no u no u no u no u no u no u no u no u no u no u no u no u no u no u no u no u no u no u no u no u no u no u no u no u no u no u no u no u no u no u no u no u no u no u no u no u no u no u no u no u no u no u no u no u no u no u no u no u no u no u no u no u no u no u no u no u no u no u no u no u no u no u no u no u no u no u no u no u no u no u no u no u no u no u no u no u no u no u no u no u no u no u no u no u no u no u no u no u no u no u no u no u no u no u no u no u no u no u no u no u no u no u no u no u no u no u no u no u no u no u no u no u no u no u no u no u no u no u no u no u no u no u no u no u no u no u no u no u no u no u no u no u no u no u no u no u no u no u no u no u no u no u no u no u no u no u no u no u no u no u no u no u no u no u no u no u no u no u no u no u no u no u no u no u no u no u no u no u no u no u no u no u no u no u no u no u no u no u no u no u no u no u no u no u no u no u no u no u no u no u no u no u no u no u no u no u no u no u no u no u no u no u no u no u no u no u no u no u no u no u no u no u no u no u no u no u no u no u no u no u no u no u no u no u no u no u no u no u no u no u no u no u no u no u no u no u no u no u no u no u no u no u no u no u no u no u no u no u no u no u no u no u no u no u no u no u no u no u no u no u no u no u no u no u no u no u no u no u no u no u no u no u no u no u no u no u no u no u no u no u no u no u no u no u no u no u no u no u no u no u no u no u no u no u no u no u no u no u no u no u no u no u no u no u no u no u no u no u no u no u no u no u no u no u no u no u no u no u no u no u no u no u no u no u no u no u no u no u no u no u no u no u no u no u no u no u no u no u no u no u no u no u no u no u no u no u no u no u no u no u no u no u no u no u no u no u no u no u no u no u no u no u no u no u no u no u no u no u no u no u no u no u no u no u no u no u no u no u no u no u no u no u no u no u no u no u no u no u no u no u no u no u no u no u no u no u no u no u no u no u no u no u no u no u no u no u no u no u no u no u no u no u no u no u no u no u no u no u no u no u no u no u no u no u no u no u no u no u no u no u no u no u no u no u no u no u no u no u no u no u no u no u no u no u no u no u no u no u no u no u no u no u no u no u no u,no you,31
buddymmmm1,Whereâ€™s the sound board,:mad:,4
yungmarin,Stop the cap im wfh rn and Iâ€™m sure heâ€™d never cheat on u,SHUT UP,7
wobkobi,Where did barbie Lisa go,:yay:,23
bombard21,We need to chat shit,:lisaCat:,0
bombard21,Copy that,https://cdn.discordapp.com/emojis/1070869015343411210.webp?size=128&quality=lossless,8
oc2906,no I hope it catches fire,no you,31
wobkobi,@pizza ğŸ’…ğŸ»,https://cdn.discordapp.com/emojis/771016190101291008.webp?size=128&quality=lossless,37
buddymmmm1,do u think you left them in wz?,:thinking:,39
wobkobi,Donâ€™t you dare,:erinnnnnnnnnnnnnn:,22
e.rinh,wait for harrison,:mad:,4
wobkobi,If you choose pt chev we can eat at mine,:thinking:,39
wobkobi,But I thought Parnell won,:mad:,4
wobkobi,Jack???,:evilJack:,40
abuffaloherd,It is comedy gold,:catCry:,2
bombard21,Me and lisa,https://cdn.discordapp.com/emojis/881182531536449587.gif?size=128&quality=lossless,14
oc2906,lisa and erin no slay,no you,31
Robo-Glasseã€Œğ•Šğ•¨ğ•–ğ•’ğ•£ â„‚ğ• ğ•¦ğ•Ÿğ•¥ğ•–ğ•£ã€,"**@brioche ğŸ¦‘** said the following words: 
`slay x 1`",no you,31
oc2906,your so unfunny even nathan wouldn't laugh,:nathanielScary:,21
e.rinh,slay,:catCry:,2
wobkobi,You could be sad together but noooooo,:joever:,6
e.rinh,THEN WHEN YOURE DONE UR GONNA BE SAD,:joever:,6
Robo-Glasseã€Œğ•Šğ•¨ğ•–ğ•’ğ•£ â„‚ğ• ğ•¦ğ•Ÿğ•¥ğ•–ğ•£ã€,"**@brioche ğŸ¦‘** said the following words: 
`slay x 1`",:mad:,4
wobkobi,Say the word and I will,:erinnnnnnnnnnnnnn:,22
e.rinh,drama,https://cdn.discordapp.com/emojis/841886073519996979.gif?size=128&quality=lossless,24
e.rinh,yeah,:catCry:,2
e.rinh,TAYLORS MUSIC :yay:,:slayy:,11
wobkobi,can you like not?,:erinnnnnnnnnnnnnn:,22
bombard21,Like 1:30 or 2,:yay:,23
bombard21,Or Lisa's car,:no:,35
wobkobi,@loklo ğŸ’ ?,:thinking:,39
bombard21,Can we have an archive channel for memories,https://cdn.discordapp.com/emojis/841886073519996979.gif?size=128&quality=lossless,24
abuffaloherd,@pizza ğŸ’…ğŸ» you have failed.,:angy:,20
e.rinh,WHY DID U SAY DRAMA,DRAMA,45
bombard21,jkjkjkjkjkjkjkkj,:catCry:,2
e.rinh,drama,DRAMA,45
buddymmmm1,Not slay,no you,31
buddymmmm1,Like long,https://cdn.discordapp.com/emojis/841886073519996979.gif?size=128&quality=lossless,24
oc2906,never to hear slay or drama again and instakill lisa,:mad:,4
bombard21,give admin i took u to costco,https://cdn.discordapp.com/emojis/750768558975484065.webp?size=128&quality=lossless,15
bombard21,i let u put whatever u wanted in the trolley,:lisaCat:,0
bureikuz,maybe charge r phone,:lisaCat:,0
wobkobi,Not your John how sad,SHUT UP,7
oc2906,So I may have bought another vehicle with 2 wheels,:erinnnnnnnnnnnnnn:,22
oc2906,FAT SHIT,:erinnnnnnnnnnnnnn:,22
wobkobi,more like gay,no you,31
bombard21,ğŸ’€,:mad:,4
oc2906,rise and shine coming from  the child past her bedtime smh,:mad:,4
wobkobi,go back to bed,no you,31
e.rinh,ğŸ”,https://cdn.discordapp.com/emojis/954378740958363748.webp?size=128&quality=lossless,19
wobkobi,you better buy it,https://cdn.discordapp.com/emojis/841886073519996979.gif?size=128&quality=lossless,24
buddymmmm1,PRINT THAT AND FRAME IT,:lisaCat:,0
abuffaloherd,if you couldn't say gossip what word would you use,:llama:,32
e.rinh,NOOOO not beauden ğŸ˜­ğŸ˜­,:catThumbsUp:,48
e.rinh,their coach ainâ€™t gonna be happy,:joever:,6
e.rinh,@pizza ğŸ’…ğŸ»  think they just got a try,:thinking:,39
wobkobi,Not good not good,:catThumbsUp:,48
abuffaloherd,@chedder ğŸ§€ @pizza ğŸ’…ğŸ» @arin ğŸ¢ https://www.youtube.com/watch?v=30CSgzCqUNc,:ohNoFull:,34
wobkobi,Looks bad,:no:,35
oc2906,ITS MAN JERRY,:lisaCat:,0
oc2906,FAX,:catThumbsUp:,48
gentleman_nathan,Oi whoâ€™s keen to ram raid jacks pbtech tmr Iâ€™m down,:evilJack:,40
e.rinh,discord LLAMA,https://cdn.discordapp.com/emojis/841886073519996979.gif?size=128&quality=lossless,24
gentleman_nathan,No you,no you,31
gentleman_nathan,DONT BE MEAN TO BLAKE,:ohNoFull:,34
bureikuz,the guns are just pure bliss tho,:gun:,18
gentleman_nathan,NO YOU,no you,31
e.rinh,DISCORD LLAMA,:llama:,32
e.rinh,:clown:,:clown~1:,9
buddymmmm1,still a billion dollars,:no:,35
e.rinh,okay okay,https://cdn.discordapp.com/emojis/841886073519996979.gif?size=128&quality=lossless,24
bombard21,ğŸ’€,:harryBarbie:,26
bombard21,Tony Clear,:catThumbsUp:,48
gentleman_nathan,built different smh,https://cdn.discordapp.com/emojis/1070869015343411210.webp?size=128&quality=lossless,8
bombard21,how nice would it be to get my father a gift for fathers day,:skull~1:,5
e.rinh,oh damn okay,https://cdn.discordapp.com/emojis/841886073519996979.gif?size=128&quality=lossless,24
e.rinh,i will check em out,https://cdn.discordapp.com/emojis/881182531536449587.gif?size=128&quality=lossless,14
csonic235,sometimes my cats get spooked by their own reflection in the glass,:skull~1:,5
oc2906,loser,no you,31
buddymmmm1,No u,:lisaCat:,0
deadzoneparty,come over here,:thinking:,39
e.rinh,i catch 2:15 bus,https://cdn.discordapp.com/emojis/881182531536449587.gif?size=128&quality=lossless,14
wobkobi,yes,:lisaCat:,0
bombard21,@pizza ğŸ’…ğŸ» great driving,:skull~1:,5
bombard21,And getting use to going 50,:lisaCat:,0
oc2906,Woman driver moment...,:skull~1:,5
wobkobi,ğŸ¤ª,:catThumbsUp:,48
bombard21,laugh and die as you hold up traffic,:lisaCat:,0
wobkobi,ok racist,https://cdn.discordapp.com/emojis/1070869015343411210.webp?size=128&quality=lossless,8
lisa38,:erinnnnnnnnnnnnnn: :erinnnnnnnnnnnnnn:,:erinnnnnnnnnnnnnn:,22
wobkobi,rude,https://cdn.discordapp.com/emojis/1069084325720637500.webp?size=128&quality=lossless,10
wobkobi,you just worked a day,:lisaCat:,0
e.rinh,ğŸ¦™,:llama:,32
bombard21,@pizza ğŸ’…ğŸ» well make a google drive or something,:yay:,23
bombard21,@pizza ğŸ’…ğŸ» u at uni today,:no:,35
bureikuz,FORWARD FULL SPEED DONT STOP,:erinnnnnnnnnnnnnn:,22
wobkobi,@fartnite [Free Vbucks](<https://www.youtube.com/watch?v=dQw4w9WgXcQ>),:ohHello:,16
abuffaloherd,@pizza ğŸ’…ğŸ» come drive through the 'kura,:catThumbsUp:,48
wobkobi,it was jack,:evilJack:,40
e.rinh,CRASH CRASH CRASH CRASH CRASH CRASH CRASH CRASH CRASH CRASH CRASH CRASH CRASH CRASH CRASH CRASH CRASH CRASH CRASH CRASH CRASH CRASH CRASH CRASH CRASH CRASH CRASH CRASH CRASH CRASH CRASH CRASH CRASH CRASH CRASH CRASH CRASH CRASH CRASH CRASH CRASH CRASH CRASH CRASH CRASH CRASH CRASH CRASH CRASH CRASH CRASH CRASH CRASH CRASH,:erinnnnnnnnnnnnnn:,22
wobkobi,And your toxic,no you,31
bombard21,?,:yay:,23
bombard21,but maybe ur just use to remuera drivers,:skull~1:,5
wobkobi,:COPIUM:,https://cdn.discordapp.com/emojis/1070869015343411210.webp?size=128&quality=lossless,8
wobkobi,@pizza ğŸ’…ğŸ» have you got burger fuel before,:no:,35
wobkobi,You are not allowed to remove more than 2 ingredients,:erinnnnnnnnnnnnnn:,22
bombard21,@pizza ğŸ’…ğŸ» be an academic weapon,:catThumbsUp:,48
bombard21,Close discord,:no:,35
abuffaloherd,@pizza ğŸ’…ğŸ» https://cdn.discordapp.com/attachments/280203622384402433/1144754735094698085/FtFzuxwXwAE8C34.png,:skull~1:,5
wobkobi,lummmmmma,:queenLuma:,46
csonic235,hey lisa considering i was the brainchild behind this server can i have admin? i will never use it for anything,:thinking:,39
Robo-Glasseã€Œğ•Šğ•¨ğ•–ğ•’ğ•£ â„‚ğ• ğ•¦ğ•Ÿğ•¥ğ•–ğ•£ã€,"`no u` : 1785 times
`queen` : 999 times
`no you` : 385 times
`slay` : 237 times
`ham` : 72 times
`drama` : 33 times
`not giving` : 26 times
`lombard` : 24 times
`john` : 22 times
`yas` : 15 times
`train` : 12 times
`vanilla` : 7 times
`like you` : 5 times
`deep` : 5 times
`jalapeno` : 4 times
`public transport` : 3 times
`gets it` : 1 time
`kys` : 0 times
`thats so deep` : 0 times",DRAMA,45
e.rinh,give me like 5,https://cdn.discordapp.com/emojis/1069084325720637500.webp?size=128&quality=lossless,10
abuffaloherd,we should go to the papakura leisure center,https://cdn.discordapp.com/emojis/954378740958363748.webp?size=128&quality=lossless,19
bombard21,i dont want to get robbed,:evilJack:,40
bombard21,@pizza ğŸ’…ğŸ» https://vt.tiktok.com/ZSLnB8q5W/,:lisaCat:,0
wobkobi,Ur mums house,:catThumbsUp:,48
e.rinh,3,https://cdn.discordapp.com/emojis/881182531536449587.gif?size=128&quality=lossless,14
e.rinh,87.5 :catCry:,:queenLuma:,46
wobkobi,bad graph,no you,31
abuffaloherd,make it look like my web dev,:lisaCat:,0
abuffaloherd,@pizza ğŸ’…ğŸ» i had to clean my nails they were an eyesore,:lisaCat:,0
wobkobi,Nathan couldnâ€™t walk straight,:nathanielScary:,21
e.rinh,watching friends,:lisaCat:,0
gentleman_nathan,Welcome back to Germany Ms Lisa,https://cdn.discordapp.com/emojis/1070869015343411210.webp?size=128&quality=lossless,8
e.rinh,bed time :tired: :tired: :tired:,https://cdn.discordapp.com/emojis/841886073519996979.gif?size=128&quality=lossless,24
wobkobi,@pizza ğŸ’…ğŸ» if youâ€™re coming in today can you finish the other hand Ty,:yay:,23
bureikuz,English,:erinnnnnnnnnnnnnn:,22
bombard21,ya know,https://cdn.discordapp.com/emojis/841886073519996979.gif?size=128&quality=lossless,24
buddymmmm1,Your a school friend,no you,31
bureikuz,Jack is groping me,:evilJack:,40
bombard21,come join us in the lab,:lisaCat:,0
e.rinh,no @zach ğŸ¤“  we are working,:ohHello:,16
abuffaloherd,@pizza ğŸ’…ğŸ»,https://cdn.discordapp.com/emojis/881182531536449587.gif?size=128&quality=lossless,14
buddymmmm1,Wz6,https://cdn.discordapp.com/emojis/1069084325720637500.webp?size=128&quality=lossless,10
wobkobi,you did it again,:mad:,4
wobkobi,you can still make it,:erinnnnnnnnnnnnnn:,22
nekoshay,We stan squid tbh,:squidward:,49
bureikuz,im only productive when i play fortnite,BASED,29
wobkobi,New phones,:harryBarbie:,26
bureikuz,Ifon 15 pro max ultra light + limited edition special,:lisaCat:,0
bombard21,yep buy ut from america,:skull~1:,5
bombard21,ew,no you,31
bombard21,should eat some llama never tried it before,:llama:,32
e.rinh,some real twitter llamaâ€¦,:llama:,32
wobkobi,dont,:no:,35
abuffaloherd,i've got an idea for a new robo glasse feature,:taytea2:,50
csonic235,SHODAN takes over the citadel [colourized],https://cdn.discordapp.com/emojis/1070869015343411210.webp?size=128&quality=lossless,8
gentleman_nathan,no you,no you,31
bombard21,So I was like naaaa,:no:,35
wobkobi,@pizza ğŸ’…ğŸ» ur fault,https://cdn.discordapp.com/emojis/1070869015343411210.webp?size=128&quality=lossless,8
bureikuz,woke up at 1am,:erinnnnnnnnnnnnnn:,22
bureikuz,who is going into uni,https://cdn.discordapp.com/emojis/771016190101291008.webp?size=128&quality=lossless,37
bureikuz,WHO IS GONNA FAIL THE FIRST TEST,https://cdn.discordapp.com/emojis/750768558975484065.webp?size=128&quality=lossless,15
gentleman_nathan,hi Lisa,https://cdn.discordapp.com/emojis/771016190101291008.webp?size=128&quality=lossless,37
wobkobi,You donâ€™t want me to get pizza do you,:lisaCat:,0
abuffaloherd,@pizza ğŸ’…ğŸ» @arin ğŸ¢ https://www.youtube.com/watch?v=x_QmvZRS85U,:erinnnnnnnnnnnnnn:,22
wobkobi,Yes,:no:,35
abuffaloherd,Can you save me a slice i have class,:gigaChad:,33
wobkobi,Wow,:erinnnnnnnnnnnnnn:,22
e.rinh,no go look,:erinnnnnnnnnnnnnn:,22
e.rinh,hope you went outside :mad:,https://cdn.discordapp.com/emojis/1070869015343411210.webp?size=128&quality=lossless,8
bombard21,@pizza ğŸ’…ğŸ» @pizza ğŸ’…ğŸ» @pizza ğŸ’…ğŸ» @pizza ğŸ’…ğŸ» @pizza ğŸ’…ğŸ» @pizza ğŸ’…ğŸ» @pizza ğŸ’…ğŸ»,https://cdn.discordapp.com/emojis/771016190101291008.webp?size=128&quality=lossless,37
bombard21,ill ask ur sister,:no:,35
bombard21,dont drag erin into this she ahs slow itnernet,:lachlan:,43
bureikuz,ur late,:nathanielScary:,21
bureikuz,alright no more monopoly go,:thinking:,39
gentleman_nathan,Yea get it,:erinnnnnnnnnnnnnn:,22
oc2906,ok miss learners license 1 week old dented car,:mad:,4
wobkobi,You canâ€™t be any worst,:lachlan:,43
wobkobi,ty for the pizza,:no:,35
gentleman_nathan,wait hold up,:thinking:,39
gentleman_nathan,Youâ€™re drama,no you,31
gentleman_nathan,Youâ€™re not giving youâ€™re monalisa,no you,31
wobkobi,well you better give me my pizza im owed,:no:,35
wobkobi,fartnite rn,:SCsleepybb4:,51
bombard21,better gamer than lisa,:Bubbles_Whimper:,52
e.rinh,yeah should be fine just bring rain coat,https://cdn.discordapp.com/emojis/881182531536449587.gif?size=128&quality=lossless,14
buddymmmm1,R u,:no:,35
buddymmmm1,Got the desk yet?,:no:,35
wobkobi,ur pc?,https://cdn.discordapp.com/emojis/841886073519996979.gif?size=128&quality=lossless,24
buddymmmm1,"When itâ€™s time, ask one of the billion nerds in here to set up the drivers",:yesPingu:,53
bombard21,Come down,:lisaCat:,0
wobkobi,idk if it would fit,:no:,35
wobkobi,no ur not,:lisaCat:,0
csonic235,no,:lachlan:,43
wobkobi,https://tenor.com/view/penguins-madagascar-penguins-of-madagascar-cute-and-cuddly-gif-26546403,:ohHello:,16
wobkobi,cloudy with a chance of meatballs,:no:,35
wobkobi,frist time problay,:catcry:,17
wobkobi,ur screen might flash,DRAMA,45
bureikuz,Omg slayyyy,https://cdn.discordapp.com/emojis/1069084325720637500.webp?size=128&quality=lossless,10
wobkobi,do you have a steam account?,https://cdn.discordapp.com/emojis/841886073519996979.gif?size=128&quality=lossless,24
abuffaloherd,@pizza ğŸ’…ğŸ» can fish think,:thinking:,39
abuffaloherd,@pizza ğŸ’…ğŸ» based on chad's response will you eat a fish,:no:,35
wobkobi,make her learn,:lachlan:,43
gentleman_nathan,Letâ€™s go puddle jumping,:lisaCat:,0
gentleman_nathan,Why not?,:skull~1:,5
gentleman_nathan,bring raincoats t@r,:yesPingu:,53
wobkobi,Stop snaking out of deals,:ken:,3
abuffaloherd,how tf did jack say slay more than i do,:evilJack:,40
e.rinh,Lisa has cause sheâ€™s slay,:yay:,23
wobkobi,we outside urs,https://cdn.discordapp.com/emojis/771016190101291008.webp?size=128&quality=lossless,37
wobkobi,breaking in,:gun:,18
e.rinh,Catch the 30 if youâ€™re going to paknsave royal oak @pizza ğŸ’…ğŸ»,:queenLuma:,46
e.rinh,or 309 if you just wanna come here :lisaCat:,:lisaCat:,0
e.rinh,the thing is the security cameras connected to the internet,DRAMA,45
wobkobi,:yay:,:yay:,23
gentleman_nathan,@pizza ğŸ’…ğŸ»,:lisaCat:,0
bureikuz,Did u get a chance to pet them,:catcry:,17
bombard21,Where was it,:lisaCat:,0
wobkobi,no,:yesPingu:,53
wobkobi,fartnite is cancelled,no you,31
bombard21,round 2 of drama,DRAMA,45
e.rinh,how often does everyone think about their wedding,:thinking:,39
buddymmmm1,Lunch,:gun:,18
wobkobi,@besorry,:yesPingu:,53
bombard21,Hi,https://cdn.discordapp.com/emojis/771016190101291008.webp?size=128&quality=lossless,37
abuffaloherd,and if you get me jalapeno poppers,no you,31
wobkobi,You just have to send me $12,no you,31
wobkobi,Itâ€™s better than the other option,:erinnnnnnnnnnnnnn:,22
wobkobi,Itâ€™s better than the other option,:erinnnnnnnnnnnnnn:,22
wobkobi,@fartnite,https://cdn.discordapp.com/emojis/771016190101291008.webp?size=128&quality=lossless,37
wobkobi,@arin ğŸ¢ @pizza ğŸ’…ğŸ» https://youtu.be/bl5KydBlwZU?si=JNLZcdGH_neWMuBi,:catCry:,2
bureikuz,Spread this attitude to chad,:lisaCat:,0
e.rinh,does the onehunga line stop there ğŸ‘€,:ohHello:,16
wobkobi,:00_AzusaHehe:,:mad:,4
wobkobi,@pizza ğŸ’…ğŸ» how ppg,https://cdn.discordapp.com/emojis/841886073519996979.gif?size=128&quality=lossless,24
wobkobi,@pizza ğŸ’…ğŸ» why is there new guns this late in the season?,:gun:,18
gentleman_nathan,wow that was short,:erinnnnnnnnnnnnnn:,22
bombard21,aye?,DRAMA,45
wobkobi,jack,:evilJack:,40
e.rinh,DRAMA LLAMA,DRAMA,45
wobkobi,"@pizza ğŸ’…ğŸ» will judge, jury, and executioner",https://cdn.discordapp.com/emojis/1069084325720637500.webp?size=128&quality=lossless,10
e.rinh,https://tenor.com/view/hiding-under-covers-tired-sleepy-hiding-under-blanket-good-night-gif-14070056,:mad:,4
abuffaloherd,are you asking for it,:catCry:,2
oc2906,should grow up and have your own room withy our pc so you can game all day,:erinnnnnnnnnnnnnn:,22
bombard21,shouldve stayed at david jones,:lisaCat:,0
bombard21,https://tenor.com/view/rage-o-meter-gif-10599638,:erinnnnnnnnnnnnnn:,22
bombard21,c he gets it,:yesPingu:,53
bombard21,@nithin ğŸ‘¾@loklo ğŸ’ @pizza ğŸ’…ğŸ» https://www.youtube.com/watch?v=cOYc0OHhqY4,:erinnnnnnnnnnnnnn:,22
wobkobi,GM :mad:,:mad:,4
e.rinh,get harrison to teach you how to park,:heheHarrison:,1
e.rinh,not sleigh,:nathanielScary:,21
bombard21,very giving,:yay:,23
e.rinh,we could go in the afternoon,:yay:,23
bombard21,dont be poo,:erinnnnnnnnnnnnnn:,22
bombard21,my parent said yes,:evilJack:,40
abuffaloherd,~~Youâ€™re such a nerd~~,:slayy:,11
e.rinh,hopefully the warriors win :lisaCat:,:queenLuma:,46
wobkobi,Llama in the cbd today,:llama:,32
gentleman_nathan,The BCIS server is so depressing like bro,:lisaCat:,0
gentleman_nathan,pizza,:erinnnnnnnnnnnnnn:,22
bombard21,@pizza ğŸ’…ğŸ» gaming time,:catCry:,2
gentleman_nathan,get well soon Lisa,:yay:,23
bureikuz,ur doing better than me lisa,:catCry:,2
abuffaloherd,you're not very accommodating :/,:catThumbsUp:,48
wobkobi,Why is it so cold,:pigCold:,25
wobkobi,no $?,:catThumbsUp:,48
wobkobi,When I get back,:yay:,23
e.rinh,no,:catThumbsUp:,48
e.rinh,omg call them rn !!,:yay:,23
wobkobi,wow so rich,:queenLuma:,46
wobkobi,oh @pizza ğŸ’…ğŸ» give me % and emoji again,:clown:,54
wobkobi,0.004% right?,:yay:,23
e.rinh,no,:catThumbsUp:,48
oc2906,you need some meth,:thinking:,39
wobkobi,@pizza ğŸ’…ğŸ» why are you the dj in the car?,:yay:,23
wobkobi,My bot should react when it detects llama or drama with ğŸ¦™,:llama:,32
wobkobi,I guess you are now ğŸ¤·,:thinking:,39
csonic235,getting very close to crazy there haha,:gigaChad:,33
abuffaloherd,fuck you,:skull~1:,5
bombard21,Next she's gonna be telling us that she's anti vax,:skull~1:,5
wobkobi,Not good barbie,:harryBarbie:,26
wobkobi,They shouldnâ€™t be barbie,:harryBarbie:,26
bombard21,"# IPHONE 15 BARBIE THEME @pizza ğŸ’…ğŸ» 
# IPHONE 15 BARBIE THEME @pizza ğŸ’…ğŸ» 
# IPHONE 15 BARBIE THEME @pizza ğŸ’…ğŸ» 
# IPHONE 15 BARBIE THEME @pizza ğŸ’…ğŸ» 
# IPHONE 15 BARBIE THEME @pizza ğŸ’…ğŸ»",:harryBarbie:,26
gentleman_nathan,sup 38,:nathanielScary:,21
gentleman_nathan,hot,:nathanielScary:,21
gentleman_nathan,What did you guys think of doja cat,:thinking:,39
bombard21,No I will hate u more,:erinnnnnnnnnnnnnn:,22
gentleman_nathan,did you ever come across a piece called Rojo y Negro,:skull~1:,5
gentleman_nathan,i need to finish my lunch,:nathanielScary:,21
oc2906,and because parking is a pain for more than 3 hours I'm bringing my old plates,:erinnnnnnnnnnnnnn:,22
buddymmmm1,Why would Lisa go to timezone but not dinner,:skull~1:,5
oc2906,notice the minor issue there,:skull~1:,5
csonic235,https://tenor.com/view/cap-capping-lying-liar-yeah-gif-24723670,:lisaCat:,0
bombard21,Iphone stock leaked,:erinnnnnnnnnnnnnn:,22
gentleman_nathan,Youâ€™re an electric kiwi,no you,31
wobkobi,the child singing :skull~1:,:skull~1:,5
e.rinh,everyone buy this for your cats,:queenLuma:,46
e.rinh,good luck finding him,:erinnnnnnnnnnnnnn:,22
wobkobi,whats that,:queenLuma:,46
wobkobi,double standards,DRAMA,45
e.rinh,burger night smh,:mad:,4
e.rinh,pizza night tomorrow :mad:,:mad:,4
e.rinh,my parents are ditching us this weekend,DRAMA,45
e.rinh,why canâ€™t the all blacks game start at 9,:erinnnnnnnnnnnnnn:,22
wobkobi,@zach ğŸ¤“ llama,:llama:,32
wobkobi,https://tenor.com/view/barbie-ryan-gosling-glasses-margot-robbie-handsome-gif-13665100648649288173,:harryBarbie:,26
gentleman_nathan,I thought he was a white dude,DRAMA,45
abuffaloherd,@bozo WAKE THE FUCK UP NIGGAS IT IS SATURDAY GET YOUR SPARKLE ON âœ¨,:harryBarbie:,26
e.rinh,alllblackkksss,:catThumbsUp:,48
oc2906,and ofc i'm juiced up on V,:erinnnnnnnnnnnnnn:,22
bombard21,@pizza ğŸ’…ğŸ»,:erinnnnnnnnnnnnnn:,22
gentleman_nathan,Which poll?,:skull~1:,5
gentleman_nathan,Is poll 3 already released,:erinnnnnnnnnnnnnn:,22
e.rinh,nah jkjk,:thinking:,39
e.rinh,no u,no you,31
bombard21,Omg it's Lisa's john,SHUT UP,7
gentleman_nathan,No youâ€™re monalisa,no you,31
wobkobi,Live Nathan laughing hysterically,:ohNoFull:,34
yungmarin,what r they messaging u about,:skull~1:,5
e.rinh,LLAMA,:llama:,32
wobkobi,@pizza ğŸ’…ğŸ» not giving,:erinnnnnnnnnnnnnn:,22
abuffaloherd,Lisa youâ€™re being a nigger,:skull~1:,5
abuffaloherd,It ends with a date,SHUT UP,7
e.rinh,yeah thats so sad and scary :(,:joever:,6
abuffaloherd,harrison was more giving than you yesterday,:heheHarrison:,1
abuffaloherd,harrison was more giving than you yesterday,:heheHarrison:,1
abuffaloherd,no you can't,no you,31
gentleman_nathan,Youâ€™re bad,no you,31
gentleman_nathan,NO YOU BOZO,no you,31
gentleman_nathan,Bro what they want to ban fizzy drinks in secondary schools,:skull~1:,5
wobkobi,ur a llama,:llama:,32
wobkobi,ğŸ‘¿,:erinnnnnnnnnnnnnn:,22
wobkobi,Come join our 8am,:erinnnnnnnnnnnnnn:,22
bombard21,@pizza ğŸ’…ğŸ» omg me and harrison are up at a good hour,:heheHarrison:,1
wobkobi,didnt know if we should,https://cdn.discordapp.com/emojis/954378740958363748.webp?size=128&quality=lossless,19
bombard21,@pizza ğŸ’…ğŸ» not giving have to pay to enter cat cafe,:ohNoFull:,34
gentleman_nathan,Was it like internal pain?,:thinking:,39
bombard21,I'm there now,:erinnnnnnnnnnnnnn:,22
oc2906,your awkward,no you,31
oc2906,I'm lachlan,no you,31
gentleman_nathan,Good concert ty,:yay:,23
oc2906,Not good jack was better,:evilJack:,40
abuffaloherd,i don't think they realize we have better things to do than write a 14 page report,:thinking:,39
gentleman_nathan,"Donâ€™t think, just do",:thinking:,39
gentleman_nathan,Okie I leave the country,:erinnnnnnnnnnnnnn:,22
nekoshay,But i think im deadset on getting the iphone pro max either 14 or 15,:thinking:,39
bombard21,sop yea i think i  just like hold oput,:thinking:,39
wobkobi,@pizza ğŸ’…ğŸ»,:erinnnnnnnnnnnnnn:,22
gentleman_nathan,:lisa: :clown~1:,:nathanielHuh:,55
e.rinh,now Iâ€™m hungry,:erinnnnnnnnnnnnnn:,22
bombard21,@besorry,:catCry:,2
wobkobi,excuses,:mad:,4
e.rinh,im never showing my face again,:erinnnnnnnnnnnnnn:,22
yungmarin,Yâ€™all remember the box dimension in club penguin?,:ohHello:,16
gentleman_nathan,no you,no you,31
lisa38,Draaaamaaaa,:skull~1:,5
e.rinh,yeah,:ohHello:,16
e.rinh,riley must of seen something or idk cause she like ran into the glass doors :lisaCat:,:ohNoFull:,34
bureikuz,it seems ive been misgendered,:yay:,23
gentleman_nathan,yes maâ€™am,:yay:,23
gentleman_nathan,I got some of the donated food at church ğŸ’€,:skull~1:,5
bureikuz,bribery,:erinnnnnnnnnnnnnn:,22
e.rinh,someone come to my house,:lisaCat:,0
e.rinh,we shouldâ€™ve gone to the moon festival tonight,https://cdn.discordapp.com/emojis/954378740958363748.webp?size=128&quality=lossless,19
e.rinh,you knew before me,DRAMA,45
csonic235,u,:clown:,54
gentleman_nathan,:clown: :lisa:,:clown:,54
lisa38,:clown: :nathanielHuh:,:nathanielScary:,21
abuffaloherd,you take sauce on your food???,:skull~1:,5
gentleman_nathan,you were too good for them Lisa,:yay:,23
e.rinh,barbie stickers,:harryBarbie:,26
oc2906,no actually because she doesn't like manual,DRAMA,45
oc2906,no getting a gr type plate,:harryBarbie:,26
gentleman_nathan,:clown~1:,:clown:,54
gentleman_nathan,LISA NO,:nathanielScary:,21
gentleman_nathan,damn Lisa,:mad:,4
abuffaloherd,what terms,:thinking:,39
gentleman_nathan,WHERE ARE YOU GOING,:thinking:,39
gentleman_nathan,THATS PRETTY DEEP LISA,:nathanielScary:,21
bombard21,Uhhh actually ğŸ¤“,:evilJack:,40
e.rinh,like it didnâ€™t even say showers or anything I donâ€™t think,:thinking:,39
e.rinh,we still need your muffins ğŸ¤­,:catCry:,2
e.rinh,vote nz loyal,:skull~1:,5
e.rinh,what do you do,:joever:,6
e.rinh,i carried her for 9 months,:erinnnnnnnnnnnnnn:,22
e.rinh,what,:lisaCat:,0
gentleman_nathan,@pizza ğŸ’…ğŸ» barkers shoes are like 3 million +,:erinnnnnnnnnnnnnn:,22
e.rinh,snacks snacks snacks,:yay:,23
wobkobi,ur sisters one,:lisaCat:,0
wobkobi,Oh no,https://cdn.discordapp.com/emojis/1069084325720637500.webp?size=128&quality=lossless,10
bureikuz,@pizza ğŸ’…ğŸ» what gun,:gun:,18
wobkobi,App didnâ€™t believe in me,:lisaCat:,0
bombard21,Log book up To date,:yay:,23
bombard21,Now tim to kms so more and write some bs about report,:ohNoFull:,34
wobkobi,oh yeah,:lisaCat:,0
bombard21,are england's good batters gone yet,:catCry:,2
buddymmmm1,Lisaâ€™s sanity ğŸ“‰ğŸ“‰ğŸ“‰,https://cdn.discordapp.com/emojis/1069084325720637500.webp?size=128&quality=lossless,10
wobkobi,@pizza ğŸ’…ğŸ» whose watching now?,:mad:,4
wobkobi,They wonâ€™t,https://cdn.discordapp.com/emojis/1069084325720637500.webp?size=128&quality=lossless,10
bombard21,We should screenshot and send it in bcis,https://cdn.discordapp.com/emojis/954378740958363748.webp?size=128&quality=lossless,19
wobkobi,Over halfway of runs done with less than half the overs to go,https://cdn.discordapp.com/emojis/1069084325720637500.webp?size=128&quality=lossless,10
wobkobi,Fucking destroyed,https://cdn.discordapp.com/emojis/1069084325720637500.webp?size=128&quality=lossless,10
wobkobi,no,:erinnnnnnnnnnnnnn:,22
wobkobi,because she is not giving,DRAMA,45
wobkobi,sleep fixed?,:yesPingu:,53
wobkobi,they have a team,:mad:,4
abuffaloherd,can we have a racist channel,:skull~1:,5
bureikuz,:ohNoFull::ohNoFull::ohNoFull::ohNoFull::ohNoFull::ohNoFull::ohNoFull::ohNoFull::ohNoFull::ohNoFull::ohNoFull::ohNoFull::ohNoFull::ohNoFull::ohNoFull::ohNoFull::ohNoFull::ohNoFull::ohNoFull::ohNoFull::ohNoFull::ohNoFull::ohNoFull::ohNoFull::ohNoFull::ohNoFull::ohNoFull::ohNoFull::ohNoFull::ohNoFull::ohNoFull::ohNoFull::ohNoFull::ohNoFull::ohNoFull::ohNoFull::ohNoFull::ohNoFull::ohNoFull::ohNoFull::ohNoFull::ohNoFull::ohNoFull::ohNoFull::ohNoFull::ohNoFull::ohNoFull::ohNoFull::ohNoFull:vvv,:ohNoFull:,34
wobkobi,@pizza ğŸ’…ğŸ» what do you need to show to vote,:joever:,6
csonic235,concept: chocolate pizza,:ohNoFull:,34
bombard21,huh?,:clown:,54
wobkobi,Thatâ€™s a lot,https://cdn.discordapp.com/emojis/1069084325720637500.webp?size=128&quality=lossless,10
bombard21,:erinnnnnnnnnnnnnn:,:evilJack:,40
csonic235,Moreporks outside my house are going nuts rn,:GigaChad:,56
wobkobi,@pizza ğŸ’…ğŸ»,:erinnnnnnnnnnnnnn:,22
wobkobi,oh @pizza ğŸ’…ğŸ» did you fix vote bot,:joever:,6
wobkobi,Still less deaths than Lisa,:mad:,4
bombard21,bro im lurking that server rn,:lisaCat:,0
gentleman_nathan,Sus,:erinnnnnnnnnnnnnn:,22
e.rinh,sheâ€™s busy making money,:ohNoFull:,34
abuffaloherd,so i have to cook for her and clean the house when we get married,:skull~1:,5
buddymmmm1,I actually almost died wtf,:ohHello:,16
wobkobi,So someone gets a duck,:mad:,4
buddymmmm1,go sleep,no you,31
e.rinh,that is true,:erinnnnnnnnnnnnnn:,22
buddymmmm1,TIMING LMAO,:catCry:,2
e.rinh,ty nathan :),:nathanielScary:,21
wobkobi,bow,https://cdn.discordapp.com/emojis/1070869015343411210.webp?size=128&quality=lossless,8
gentleman_nathan,used it for work a while back,:yay:,23
bureikuz,"I just write what im thinking, then put it through chatgpt then write it again",:thinking:,39
wobkobi,@pizza ğŸ’…ğŸ»,:ohHello:,16
wobkobi,Nah I think they just stay in power until itâ€™s decided,:thinking:,39
wobkobi,Not more quizzes,:slayy:,11
e.rinh,no you stop copying me,:mad:,4
e.rinh,sheâ€™ll be there just for you,:erinnnnnnnnnnnnnn:,22
e.rinh,i dont have the willpower for that,:thinking:,39
e.rinh,:no:,:erinnnnnnnnnnnnnn:,22
wobkobi,all your fault,:no:,35
bombard21,Instant pass on full,:yay:,23
buddymmmm1,Nah thatâ€™s because rnd,:gigaChad:,33
buddymmmm1,wtf is that thing,:lisaCat:,0
wobkobi,@pizza ğŸ’…ğŸ» might be you,https://cdn.discordapp.com/emojis/1069084325720637500.webp?size=128&quality=lossless,10
wobkobi,no PCs in jail,:lisaCat:,0
bombard21,why is lisa in prison,:erinnnnnnnnnnnnnn:,22
csonic235,what year do they think we're in,:thinking:,39
bombard21,@pizza ğŸ’…ğŸ»,:yay:,23
e.rinh,imagine,:llama:,32
e.rinh,at the year 12 ball i spilled the drink they gave us on the way in,:skull~1:,5
buddymmmm1,they are saying the left vote late,:joever:,6
e.rinh,Iâ€™ll go do my passport now xoxoo,:gigaChad:,33
abuffaloherd,"""thank you aidan""",:skull~1:,5
bureikuz,this is so sad,:joever:,6
e.rinh,just hand in this bot instead,:yesPingu:,53
e.rinh,this,:lisaCat:,0
wobkobi,theres is also the dead person Electorates,:erinnnnnnnnnnnnnn:,22
bureikuz,reflective shitport,:lisaCat:,0
abuffaloherd,boring,:thinking:,39
buddymmmm1,@pizza ğŸ’…ğŸ» this is kinda what were are doing for data mining project lmao,:lisaCat:,0
abuffaloherd,you're the queen lisa,:erinnnnnnnnnnnnnn:,22
csonic235,just say it,:mad:,4
e.rinh,save it for tomo :slayy:,:slayy:,11
bombard21,@unipeople we go auckland fish market tomorrow for food,:skull~1:,5
oc2906,you don't get that privilge,:mad:,4
abuffaloherd,Wtf harrison,:heheHarrison:,1
abuffaloherd,kys,no you,31
abuffaloherd,THIS MF,:lisaCat:,0
wobkobi,Good riddance,https://cdn.discordapp.com/emojis/1069084325720637500.webp?size=128&quality=lossless,10
bureikuz,oh no quickly!,:ohNoFull:,34
e.rinh,i cannot go on a walk without this happening :erinnnnnnnnnnnnnn:,:yay:,23
e.rinh,https://tenor.com/view/shut-up-your-mouth-just-gif-24456060,:no:,35
csonic235,"Based off the fact she's offline, I reckon she's already left",BASED,29
e.rinh,yassss just got home from that :yay:,:yay:,23
e.rinh,:catThumbsUp:,:catThumbsUp:,48
bombard21,Poo,:skull~1:,5
bureikuz,Wz012,:erinnnnnnnnnnnnnn:,22
bombard21,be like lachlan just work 30 hour weeks,:erinnnnnnnnnnnnnn:,22
bombard21,aint no way,:catThumbsUp:,48
abuffaloherd,@unipeople michael jackson would like to know your location,:evilJack:,40
bombard21,U can send each other pics,:skull~1:,5
bombard21,get well soon,:yay:,23
bombard21,"https://cdn.discordapp.com/attachments/917648326030143508/1164820501592551427/Sc217f26650f6409c90f2f62927aa4e26F.png?ex=65449aa0&is=653225a0&hm=861eddb8c7fc833ad06ab71e75258d6bdc3be82e448e84d21906384c7f04f9cc&
https://cdn.discordapp.com/attachments/917648326030143508/1164820502267826286/S249fc0b1da1242798ebc9e1d1a2ee2aex.png?ex=65449aa1&is=653225a1&hm=6e303bb7d832fa7fa9443c99a5072327748a11d5d7e60411b3f6867a346703f4&
https://cdn.discordapp.com/attachments/917648326030143508/1164820628176654346/s-l1600.png?ex=65449abf&is=653225bf&hm=c968a797ac6e918948631edcea959c1b7b093c905fd7aab1c18f73be4f69c60a&
@pizza ğŸ’…ğŸ» @arin ğŸ¢ 

so giving",:harryBarbie:,26
abuffaloherd,@pizza ğŸ’…ğŸ» @chedder ğŸ§€ @arin ğŸ¢ https://www.youtube.com/watch?v=T48DVZ6OheU,:thinking:,39
abuffaloherd,@pizza ğŸ’…ğŸ» drink penicilin,:erinnnnnnnnnnnnnn:,22
wobkobi,erin for leader,:yay:,23
bombard21,lachlan is nice,:skull~1:,5
gentleman_nathan,YAY,:lisaCat:,0
abuffaloherd,drinking problem,:slayy:,11
buddymmmm1,i think 6months?,:skull~1:,5
e.rinh,you should come watch the movie with us,https://cdn.discordapp.com/emojis/1069084325720637500.webp?size=128&quality=lossless,10
bombard21,it was a statement,:no:,35
abuffaloherd,work = kitchen,SHUT UP,7
bombard21,"see there is a saying

""rember to be a cunt today and to make sure that people having a good day that don't deserve it shouldn't""",:skull~1:,5
abuffaloherd,@unipeople do i finally get rid of john from my steam,:yesPingu:,53
e.rinh,same :catThumbsUp:,:no:,35
wobkobi,adian when he sees you,:erinnnnnnnnnnnnnn:,22
bureikuz,like everyone complaining how shit at hop is,:llama:,32
wobkobi,not if its cricket night,:erinnnnnnnnnnnnnn:,22
wobkobi,omg sunset is in an hour,:yesPingu:,53
wobkobi,no,:erinnnnnnnnnnnnnn:,22
e.rinh,havenâ€™t even been served so u donâ€™t know if the service is good or not,https://cdn.discordapp.com/emojis/841886073519996979.gif?size=128&quality=lossless,24
bombard21,happy man,:yay:,23
wobkobi,Nah,:lisaCat:,0
lisa38,PICK A PILL @bozo,:ohHello:,16
gentleman_nathan,Yeah probably,:nathanielScary:,21
bureikuz,@pizza ğŸ’…ğŸ»  7 w nathan,:nathanielScary:,21
abuffaloherd,blake and nathan are here,:nathanielScary:,21
e.rinh,lisa this is why you dont gamble,:erinnnnnnnnnnnnnn:,22
bombard21,@pizza ğŸ’…ğŸ»,:ohHello:,16
abuffaloherd,@bozo harrison is a bitchass motherfucker he refused to play overcooked with me,no you,31
nekoshay,Sorry I couldn't come ğŸ’–,:yay:,23
bombard21,fort check,:yay:,23
gentleman_nathan,Level?,:thinking:,39
nekoshay,damn lisa is vaping,:erinnnnnnnnnnnnnn:,22
gentleman_nathan,Hi Monalisa,:nathanielScary:,21
wobkobi,better not go,:no:,35
wobkobi,taking this out of context',:lisaCat:,0
wobkobi,@pizza ğŸ’…ğŸ»,:ohHello:,16
bureikuz,This is so sad,:joever:,6
gentleman_nathan,Thanks Lisa you too,:nathanielScary:,21
bombard21,ğŸ,:erinnnnnnnnnnnnnn:,22
csonic235,"""no sorry I don't think Chad would want you there""",:gigaChad:,33
bombard21,@pizza ğŸ’…ğŸ» :pigSad: why no go,:joever:,6
wobkobi,Assuming youâ€™re around the corner,:skull~1:,5
gentleman_nathan,Thank you Jack for having it ona weekend â™¥ï¸,:catCry:,2
abuffaloherd,stfu,:skull~1:,5
wobkobi,Fixed some names of the pigs,:yay:,23
wobkobi,:mad:,:yay:,23
wobkobi,@pizza ğŸ’…ğŸ» why late,:angy:,20
wobkobi,Do better,no you,31
abuffaloherd,i'd dumb it down to your level but i'm afraid of heights,:joever:,6
e.rinh,I AM FREE,:yay:,23
e.rinh,tomorrow,:pigWoozy:,27
wobkobi,NO YOU DONT,no you,31
bombard21,What happened to fort @pizza ğŸ’…ğŸ»,:pigWoozy:,27
bombard21,@pizza ğŸ’…ğŸ» region based for be real,BASED,29
gentleman_nathan,I have been working on excel spreadsheets all day,:nathanielScary:,21
e.rinh,margot robbie in auckland slay,:harryBarbie:,26
buddymmmm1,Home?,:pigWoozy:,27
gentleman_nathan,yeah,:nathanielScary:,21
gentleman_nathan,Aight vote me into office next year boys Iâ€™m gonna fix this,:joever:,6
gentleman_nathan,You get it Lisa,:nathanielScary:,21
wobkobi,Make that a sticker here,:pigWoozy:,27
buddymmmm1,DID YOU DO IT,:erinnnnnnnnnnnnnn:,22
abuffaloherd,if you shut up now i won't,:erinnnnnnnnnnnnnn:,22
buddymmmm1,So cold tonight,:pigCold:,25
gentleman_nathan,Ikr,:lisaCat:,0
e.rinh,how was work Nathan,:nathanielScary:,21
bombard21,Ur mum after I railed her,:ohHello:,16
buddymmmm1,weird thing to say hello to,:ohHello:,16
bombard21,Since U have been working can U pay for my ticket,:notSlayy:,57
wobkobi,Lazy,:angy:,20
gentleman_nathan,Top 4 based,:yay:,23
buddymmmm1,you are picking up right?,:yay:,23
e.rinh,:lisaCat:,:lisaCat:,0
gentleman_nathan,I watched an episode of ACI before bed yesterday,:ohHello:,16
e.rinh,i still remember the third of December,:ohHello:,16
bombard21,Are we slaying here?,:yay:,23
gentleman_nathan,Congrats Lisa,:nathanielScary:,21
gentleman_nathan,Are there any homeware stores in Newmarket?,:pigWoozy:,27
bombard21,"||@bozo ||

React to the days that you are confirmed to be not working next week this is just to organise graduation dinner

## React With the associated Emojis 
### 11th to the 17th


- Monday 11th 1ï¸âƒ£ 
- Tuesday 12th  2ï¸âƒ£ 
- ~~Wednesday 13th 3ï¸âƒ£ (Graduation Day)~~
- Thursday  14th 4ï¸âƒ£ 
- ~~Friday  15th 5ï¸âƒ£ (Lisa & Blake Birthday)~~
- Saturday 16th 6ï¸âƒ£ 
- Sunday 17th 7ï¸âƒ£",:skull~1:,5
buddymmmm1,Cricket every night,:erinnnnnnnnnnnnnn:,22
gentleman_nathan,right?,:thinking:,39
e.rinh,@pizza ğŸ’…ğŸ» @ae2 cripğŸ¦• best bday present for you two,:thinking:,39
